{"cameraMode":{"drawMode":0,"name":"Shaded","section":"Shading Mode"},"sceneLighting":false,"audioPlay":false,"sceneViewState":{"showFog":false,"showMaterialUpdate":false,"showSkybox":false,"showFlares":false,"showImageEffects":false,"showParticleSystems":false,"showVisualEffectGraphs":true,"m_FxEnabled":true},"in2DMode":false,"pivot":{"x":-0.2998056709766388,"y":0.5192146897315979,"z":-0.3549548387527466},"rotation":{"x":0.26969391107559206,"y":0.10661137104034424,"z":-0.030058199539780618,"w":0.9565550088882446},"size":0.9314014315605164,"orthographic":false}