{"cameraMode":{"drawMode":0,"name":"Shaded","section":"Shading Mode"},"sceneLighting":false,"audioPlay":false,"sceneViewState":{"showFog":false,"showMaterialUpdate":false,"showSkybox":false,"showFlares":false,"showImageEffects":false,"showParticleSystems":false,"showVisualEffectGraphs":true,"m_FxEnabled":true},"in2DMode":false,"pivot":{"x":0.059165745973587039,"y":0.4155340790748596,"z":-0.11569994688034058},"rotation":{"x":0.2851749062538147,"y":0.4505968987941742,"z":-0.1544964760541916,"w":0.8317272067070007},"size":1.1408088207244874,"orthographic":false}