{"cameraMode":{"drawMode":0,"name":"Shaded","section":"Shading Mode"},"sceneLighting":true,"audioPlay":false,"sceneViewState":{"showFog":false,"showMaterialUpdate":false,"showSkybox":false,"showFlares":false,"showImageEffects":false,"showParticleSystems":false,"showVisualEffectGraphs":true,"m_FxEnabled":true},"in2DMode":false,"pivot":{"x":-1.6726491451263428,"y":1.1492578983306885,"z":-1.2491456270217896},"rotation":{"x":0.004554748069494963,"y":0.8516045212745667,"z":0.0074012381955981258,"w":-0.5241153836250305},"size":2.508561849594116,"orthographic":false}