{"cameraMode":{"drawMode":0,"name":"Shaded","section":"Shading Mode"},"sceneLighting":true,"audioPlay":false,"sceneViewState":{"showFog":false,"showMaterialUpdate":false,"showSkybox":false,"showFlares":false,"showImageEffects":false,"showParticleSystems":false,"showVisualEffectGraphs":true,"m_FxEnabled":true},"in2DMode":false,"pivot":{"x":0.000010867887795029674,"y":-0.0000028019780984323008,"z":-0.02552950382232666},"rotation":{"x":-0.14175601303577424,"y":0.8547717928886414,"z":-0.308928906917572,"w":-0.39222174882888796},"size":7.3390936851501469,"orthographic":false}